key,title,message,email,more-info,full-name,instantiation-moment
note-01,Example title,Lorem ipsum dolor sit,foo@bar.com,https://example.org,"admin1 - Dolor Sit, Lorem Ipsum",2022/07/01 00:00
note-02,TitleTitleTitleTitleTitleTitleTitleTitleTitleTitleTitleTitleTitleTitleTitle,Example text,foo@bar.com,https://example.org,"admin1 - Dolor Sit, Lorem Ipsum",2022/07/02 00:00
note-04,T,Title with 1 character,foo@bar.com,https://example.org,"admin1 - Dolor Sit, Lorem Ipsum",2022/07/03 00:00
note-05,Message with 100 characters,My_MessageMy_MessageMy_MessageMy_MessageMy_MessageMy_MessageMy_MessageMy_MessageMy_MessageMy_Message,foo@bar.com,https://example.org,"admin1 - Dolor Sit, Lorem Ipsum",2022/07/04 00:00
note-06,Message with 1 character,M,foo@bar.com,https://example.org,"admin1 - Dolor Sit, Lorem Ipsum",2022/07/05 00:00
note-07,Note with mail,Note with mail,example@example.org,https://example.org,"admin1 - Dolor Sit, Lorem Ipsum",2022/07/06 00:00
note-08,Note without mail,Note without mail,,https://example.org,"admin1 - Dolor Sit, Lorem Ipsum",2022/07/07 00:00
note-09,Note with link,Note with link,foo@bar.com,https://example.org,"admin1 - Dolor Sit, Lorem Ipsum",2022/07/08 00:00
note-10,Note without link,Note without link,foo@bar.com,,"admin1 - Dolor Sit, Lorem Ipsum",2022/07/09 00:00
note-11,Maximun note to list,Maximun note to list,foo@bar.com,https://example.org,"admin1 - Dolor Sit, Lorem Ipsum",2022/06/29 13:31
note-12,Minimun note to list,Minimun note to list,foo@bar.com,https://example.org,"admin1 - Dolor Sit, Lorem Ipsum",2022/07/29 23:59
note-13,тестирование,тестирование,foo@bar.com,https://example.org,"admin1 - Dolor Sit, Lorem Ipsum",2022/07/10 00:00
note-14,テスト,テスト,foo@bar.com,https://example.org,"admin1 - Dolor Sit, Lorem Ipsum",2022/07/11 00:00
note-15,테스트,테스트,foo@bar.com,https://example.org,"admin1 - Dolor Sit, Lorem Ipsum",2022/07/12 00:00
note-16,փորձարկում,փորձարկում,foo@bar.com,https://example.org,"admin1 - Dolor Sit, Lorem Ipsum",2022/07/13 00:00
note-17,δοκιμές,δοκιμές,foo@bar.com,https://example.org,"admin1 - Dolor Sit, Lorem Ipsum",2022/07/14 00:00
note-18,Note at system clock time,Note at system clock time,foo@bar.com,https://example.org,"admin1 - Dolor Sit, Lorem Ipsum",2022/07/30 00:00
note-19,Note a month ago,Note a month ago,foo@bar.com,https://example.org,"admin1 - Dolor Sit, Lorem Ipsum",2022/06/29 13:30
note-20,Note a year ago,Note a year ago,foo@bar.com,https://example.org,"admin1 - Dolor Sit, Lorem Ipsum",2021/07/30 00:00
note-21,Username only valid 64 characters in email,Username only valid 64 characters in email,foobaarfoobaarfoobaarfoobaarfoobaarfoobaarfoobaarfoobaar@example.org,https://example.org,"admin1 - Dolor Sit, Lorem Ipsum",2022/07/15 00:00
note-22,255 characters link,255 characters link,foo@bar.com,https://validURL255YeyvalidURL255YeyvalidURL255YeyvalidURL255YeyvalidURL255YeyvalidURL255YeyvalidURL255YeyvalidURL255YeyvalidURL255YeyvalidURL255YeyvalidURL255YeyvalidURL255YeyvalidURL255YeyvalidURL255YeyvalidURL255YeyvalidURL255YeyvalidURL255Yey.acme.com,"admin1 - Dolor Sit, Lorem Ipsum",2022/07/16 00:00
